001,Bulbasaur,Bulbasaur,フシギダネ,Fushigidane,Fushigidane
002,Ivysaur,Ivysaur,フシギソウ,Fushigisō,Fushigisou
003,Venusaur,Venusaur,フシギバナ,Fushigibana,Fushigibana
004,Charmander,Charmander,ヒトカゲ,Hitokage,Hitokage
005,Charmeleon,Charmeleon,リザード,Rizādo,Lizardo
006,Charizard,Charizard,リザードン,Rizādon,Lizardon
007,Squirtle,Squirtle,ゼニガメ,Zenigame,Zenigame
008,Wartortle,Wartortle,カメール,Kamēru,Kameil
009,Blastoise,Blastoise,カメックス,Kamekkusu,Kamex
010,Caterpie,Caterpie,キャタピー,Kyatapī,Caterpie
011,Metapod,Metapod,トランセル,Toranseru,Transel
012,Butterfree,Butterfree,バタフリー,Batafurī,Butterfree
013,Weedle,Weedle,ビードル,Bīdoru,Beedle
014,Kakuna,Kakuna,コクーン,Kokūn,Cocoon
015,Beedrill,Beedrill,スピアー,Supiā,Spear
016,Pidgey,Pidgey,ポッポ,Poppo,Poppo
017,Pidgeotto,Pidgeotto,ピジョン,Pijon,Pigeon*
018,Pidgeot,Pidgeot,ピジョット,Pijotto,Pigeot*
019,Rattata,Rattata,コラッタ,Koratta,Koratta
020,Raticate,Raticate,ラッタ,Ratta,Ratta
021,Spearow,Spearow,オニスズメ,Onisuzume,Onisuzume
022,Fearow,Fearow,オニドリル,Onidoriru,Onidrill
023,Ekans,Ekans,アーボ,Ābo,Arbo
024,Arbok,Arbok,アーボック,Ābokku,Arbok
025,Pikachu,Pikachu,ピカチュウ,Pikachū,Pikachu
026,Raichu,Raichu,ライチュウ,Raichū,Raichu
027,Sandshrew,Sandshrew,サンド,Sando,Sand
028,Sandslash,Sandslash,サンドパン,Sandopan,Sandpan
029,Nidoran♀,Nidoran♀,ニドラン♀,Nidoran Mesu,Nidoran♀
030,Nidorina,Nidorina,ニドリーナ,Nidorīna,Nidorina*
031,Nidoqueen,Nidoqueen,ニドクイン,Nidokuin,Nidoqueen
032,Nidoran♂,Nidoran♂,ニドラン♂,Nidoran Osu,Nidoran♂
033,Nidorino,Nidorino,ニドリーノ,Nidorīno,Nidorino*
034,Nidoking,Nidoking,ニドキング,Nidokingu,Nidoking
035,Clefairy,Clefairy,ピッピ,Pippi,Pippi
036,Clefable,Clefable,ピクシー,Pikushī,Pixy*
037,Vulpix,Vulpix,ロコン,Rokon,Rokon
038,Ninetales,Ninetales,キュウコン,Kyūkon,Kyukon
039,Jigglypuff,Jigglypuff,プリン,Purin,Purin
040,Wigglytuff,Wigglytuff,プクリン,Pukurin,Pukurin
041,Zubat,Zubat,ズバット,Zubatto,Zubat
042,Golbat,Golbat,ゴルバット,Gorubatto,Golbat
043,Oddish,Oddish,ナゾノクサ,Nazonokusa,Nazonokusa
044,Gloom,Gloom,クサイハナ,Kusaihana,Kusaihana
045,Vileplume,Vileplume,ラフレシア,Rafureshia,Ruffresia*
046,Paras,Paras,パラス,Parasu,Paras
047,Parasect,Parasect,パラセクト,Parasekuto,Parasect
048,Venonat,Venonat,コンパン,Konpan,Kongpang
049,Venomoth,Venomoth,モルフォン,Morufon,Morphon
050,Diglett,Diglett,ディグダ,Diguda,Digda
051,Dugtrio,Dugtrio,ダグトリオ,Dagutorio,Dugtrio
052,Meowth,Meowth,ニャース,Nyāsu,Nyarth*
053,Persian,Persian,ペルシアン,Perushian,Persian
054,Psyduck,Psyduck,コダック,Kodakku,Koduck*
055,Golduck,Golduck,ゴルダック,Gorudakku,Golduck*
056,Mankey,Mankey,マンキー,Mankī,Mankey
057,Primeape,Primeape,オコリザル,Okorizaru,Okorizaru
058,Growlithe,Growlithe,ガーディ,Gādi,Gardie
059,Arcanine,Arcanine,ウインディ,Uindi,Windie
060,Poliwag,Poliwag,ニョロモ,Nyoromo,Nyoromo
061,Poliwhirl,Poliwhirl,ニョロゾ,Nyorozo,Nyorozo
062,Poliwrath,Poliwrath,ニョロボン,Nyorobon,Nyorobon
063,Abra,Abra,ケーシィ,Kēshī,Casey*
064,Kadabra,Kadabra,ユンゲラー,Yungerā,Yungerer*
065,Alakazam,Alakazam,フーディン,Fūdin,Foodin
066,Machop,Machop,ワンリキー,Wanrikī,Wanriky*
067,Machoke,Machoke,ゴーリキー,Gōrikī,Goriky*
068,Machamp,Machamp,カイリキー,Kairikī,Kairiky*
069,Bellsprout,Bellsprout,マダツボミ,Madatsubomi,Madatsubomi
070,Weepinbell,Weepinbell,ウツドン,Utsudon,Utsudon
071,Victreebel,Victreebel,ウツボット,Utsubotto,Utsubot
072,Tentacool,Tentacool,メノクラゲ,Menokurage,Menokurage
073,Tentacruel,Tentacruel,ドククラゲ,Dokukurage,Dokukurage
074,Geodude,Geodude,イシツブテ,Ishitsubute,Isitsubute*
075,Graveler,Graveler,ゴローン,Gorōn,Golone
076,Golem,Golem,ゴローニャ,Gorōnya,Golonya
077,Ponyta,Ponyta,ポニータ,Ponīta,Ponyta
078,Rapidash,Rapidash,ギャロップ,Gyaroppu,Gallop
079,Slowpoke,Slowpoke,ヤドン,Yadon,Yadon
080,Slowbro,Slowbro,ヤドラン,Yadoran,Yadoran
081,Magnemite,Magnemite,コイル,Koiru,Coil
082,Magneton,Magneton,レアコイル,Reakoiru,Rarecoil
083,Farfetch'd,Farfetch'd,カモネギ,Kamonegi,Kamonegi
084,Doduo,Doduo,ドードー,Dōdō,Dodo
085,Dodrio,Dodrio,ドードリオ,Dōdorio,Dodorio
086,Seel,Seel,パウワウ,Pauwau,Pawou*
087,Dewgong,Dewgong,ジュゴン,Jugon,Jugon
088,Grimer,Grimer,ベトベター,Betobetā,Betbeter*
089,Muk,Muk,ベトベトン,Betobeton,Betbeton*
090,Shellder,Shellder,シェルダー,Sherudā,Shellder
091,Cloyster,Cloyster,パルシェン,Parushen,Parshen
092,Gastly,Gastly,ゴース,Gōsu,Ghos
093,Haunter,Haunter,ゴースト,Gōsuto,Ghost
094,Gengar,Gengar,ゲンガー,Gengā,Gangar*
095,Onix,Onix,イワーク,Iwāku,Iwark
096,Drowzee,Drowzee,スリープ,Surīpu,Sleepe*
097,Hypno,Hypno,スリーパー,Surīpā,Sleeper
098,Krabby,Krabby,クラブ,Kurabu,Crab
099,Kingler,Kingler,キングラー,Kingurā,Kingler*
100,Voltorb,Voltorb,ビリリダマ,Biriridama,Biriridama
101,Electrode,Electrode,マルマイン,Marumain,Marumine*
102,Exeggcute,Exeggcute,タマタマ,Tamatama,Tamatama
103,Exeggutor,Exeggutor,ナッシー,Nasshī,Nassy*
104,Cubone,Cubone,カラカラ,Karakara,Karakara
105,Marowak,Marowak,ガラガラ,Garagara,Garagara
106,Hitmonlee,Hitmonlee,サワムラー,Sawamurā,Sawamular
107,Hitmonchan,Hitmonchan,エビワラー,Ebiwarā,Ebiwalar
108,Lickitung,Lickitung,ベロリンガ,Beroringa,Beroringa
109,Koffing,Koffing,ドガース,Dogāsu,Dogars
110,Weezing,Weezing,マタドガス,Matadogasu,Matadogas*
111,Rhyhorn,Rhyhorn,サイホーン,Saihōn,Sihorn*
112,Rhydon,Rhydon,サイドン,Saidon,Sidon*
113,Chansey,Chansey,ラッキー,Rakkī,Lucky
114,Tangela,Tangela,モンジャラ,Monjara,Monjara
115,Kangaskhan,Kangaskhan,ガルーラ,Garūra,Garura
116,Horsea,Horsea,タッツー,Tattsū,Tattu
117,Seadra,Seadra,シードラ,Shīdora,Seadra
118,Goldeen,Goldeen,トサキント,Tosakinto,Tosakinto
119,Seaking,Seaking,アズマオウ,Azumaō,Azumao*
120,Staryu,Staryu,ヒトデマン,Hitodeman,Hitodeman
121,Starmie,Starmie,スターミー,Sutāmī,Starmie
122,Mr. Mime,Mr. Mime,バリヤード,Bariyādo,Barrierd
123,Scyther,Scyther,ストライク,Sutoraiku,Strike
124,Jynx,Jynx,ルージュラ,Rūjura,Rougela
125,Electabuzz,Electabuzz,エレブー,Erebū,Eleboo
126,Magmar,Magmar,ブーバー,Būbā,Boober
127,Pinsir,Pinsir,カイロス,Kairosu,Kailios
128, ,Tauros,ケンタロス,Kentarosu,Kentauros
129, ,Magikarp,コイキング,Koikingu,Koiking
130, ,Gyarados,ギャラドス,Gyaradosu,Gyarados*
131, ,Lapras,ラプラス,Rapurasu,Laplace
132, ,Ditto,メタモン,Metamon,Metamon
133,Eevee,Eevee,イーブイ,Ībui,Eievui
134,Vaporeon,Vaporeon,シャワーズ,Shawāzu,Showers
135,Jolteon,Jolteon,サンダース,Sandāsu,Thunders
136,Flareon,Flareon,ブースター,Būsutā,Booster
137,Porygon,Porygon,ポリゴン,Porigon,Porygon
138,Omanyte,Omanyte,オムナイト,Omunaito,Omnite*
139,Omastar,Omastar,オムスター,Omusutā,Omstar*
140,Kabuto,Kabuto,カブト,Kabuto,Kabuto
141,Kabutops,Kabutops,カブトプス,Kabutopusu,Kabutops*
142,Aerodactyl,Aerodactyl,プテラ,Putera,Ptera
143,Snorlax,Snorlax,カビゴン,Kabigon,Kabigon
144,Articuno,Articuno,フリーザー,Furīzā,Freezer
145,Zapdos,Zapdos,サンダー,Sandā,Thunder
146,Moltres,Moltres,ファイヤー,Faiyā,Fire
147,Dratini,Dratini,ミニリュウ,Miniryū,Miniryu
148,Dragonair,Dragonair,ハクリュー,Hakuryū,Hakuryu
149,Dragonite,Dragonite,カイリュー,Kairyū,Kairyu
150,Mewtwo,Mewtwo,ミュウツー,Myūtsū,Mewtwo
151,Mew,Mew,ミュウ,Myū,Mew
152,Chikorita,Chikorita,チコリータ,Chikorīta,Chicorita
153,Bayleef,Bayleef,ベイリーフ,Beirīfu,Bayleaf
154,Meganium,Meganium,メガニウム,Meganiumu,Meganium
155,Cyndaquil,Cyndaquil,ヒノアラシ,Hinoarashi,Hinoarashi
156,Quilava,Quilava,マグマラシ,Magumarashi,Magmarashi
157,Typhlosion,Typhlosion,バクフーン,Bakufūn,Bakphoon
158,Totodile,Totodile,ワニノコ,Waninoko,Waninoko
159,Croconaw,Croconaw,アリゲイツ,Arigeitsu,Alligates
160,Feraligatr,Feraligatr,オーダイル,Ōdairu,Ordile
161,Sentret,Sentret,オタチ,Otachi,Otachi
162,Furret,Furret,オオタチ,Ōtachi,Ootachi
163,Hoothoot,Hoothoot,ホーホー,Hōhō,Hoho
164,Noctowl,Noctowl,ヨルノズク,Yorunozuku,Yorunozuku
165,Ledyba,Ledyba,レディバ,Rediba,Rediba
166,Ledian,Ledian,レディアン,Redian,Redian
167,Spinarak,Spinarak,イトマル,Itomaru,Itomaru
168,Ariados,Ariados,アリアドス,Ariadosu,Ariados
169,Crobat,Crobat,クロバット,Kurobatto,Crobat
170,Chinchou,Chinchou,チョンチー,Chonchī,Chonchie
171,Lanturn,Lanturn,ランターン,Rantān,Lantern
172,Pichu,Pichu,ピチュー,Pichū,Pichu
173,Cleffa,Cleffa,ピィ,Pī,Py
174,Igglybuff,Igglybuff,ププリン,Pupurin,Pupurin
175,Togepi,Togepi,トゲピー,Togepī,Togepy
176,Togetic,Togetic,トゲチック,Togechikku,Togechick
177,Natu,Natu,ネイティ,Neiti,Naty
178,Xatu,Xatu,ネイティオ,Neitio,Natio
179,Mareep,Mareep,メリープ,Merīpu,Merriep
180,Flaaffy,Flaaffy,モココ,Mokoko,Mokoko
181,Ampharos,Ampharos,デンリュウ,Denryū,Denryu
182,Bellossom,Bellossom,キレイハナ,Kireihana,Kireihana
183,Marill,Marill,マリル,Mariru,Maril
184,Azumarill,Azumarill,マリルリ,Mariruri,Marilli
185,Sudowoodo,Sudowoodo,ウソッキー,Usokkī,Usokkie
186,Politoed,Politoed,ニョロトノ,Nyorotono,Nyorotono
187,Hoppip,Hoppip,ハネッコ,Hanekko,Hanecco
188,Skiploom,Skiploom,ポポッコ,Popokko,Popocco
189,Jumpluff,Jumpluff,ワタッコ,Watakko,Watacco
190,Aipom,Aipom,エイパム,Eipamu,Eipam
191,Sunkern,Sunkern,ヒマナッツ,Himanattsu,Himanuts
192,Sunflora,Sunflora,キマワリ,Kimawari,Kimawari
193,Yanma,Yanma,ヤンヤンマ,Yan'yanma,Yanyanma
194,Wooper,Wooper,ウパー,Upā,Upah
195,Quagsire,Quagsire,ヌオー,Nuō,Nuoh
196,Espeon,Espeon,エーフィ,Ēfi,Eifie
197,Umbreon,Umbreon,ブラッキー,Burakkī,Blacky
198,Murkrow,Murkrow,ヤミカラス,Yamikarasu,Yamikarasu
199,Slowking,Slowking,ヤドキング,Yadokingu,Yadoking
200,Misdreavus,Misdreavus,ムウマ,Mūma,Muma
201,Unown,Unown,アンノーン,Annōn,Unknown
202,Wobbuffet,Wobbuffet,ソーナンス,Sōnansu,Sonans
203,Girafarig,Girafarig,キリンリキ,Kirinriki,Kirinriki
204,Pineco,Pineco,クヌギダマ,Kunugidama,Kunugidama
205,Forretress,Forretress,フォレトス,Foretosu,Foretos
206,Dunsparce,Dunsparce,ノコッチ,Nokotchi,Nokocchi
207,Gligar,Gligar,グライガー,Guraigā,Gliger
208,Steelix,Steelix,ハガネール,Haganēru,Haganeil
209,Snubbull,Snubbull,ブルー,Burū,Bulu
210,Granbull,Granbull,グランブル,Guranburu,Granbulu
211,Qwilfish,Qwilfish,ハリーセン,Harīsen,Harysen
212,Scizor,Scizor,ハッサム,Hassamu,Hassam
213,Shuckle,Shuckle,ツボツボ,Tsubotsubo,Tsubotsubo
214,Heracross,Heracross,ヘラクロス,Herakurosu,Heracros
215,Sneasel,Sneasel,ニューラ,Nyūra,Nyula
216,Teddiursa,Teddiursa,ヒメグマ,Himeguma,Himeguma
217,Ursaring,Ursaring,リングマ,Ringuma,Ringuma
218,Slugma,Slugma,マグマッグ,Magumaggu,Magmag
219,Magcargo,Magcargo,マグカルゴ,Magukarugo,Magcargot
220,Swinub,Swinub,ウリムー,Urimū,Urimoo
221,Piloswine,Piloswine,イノムー,Inomū,Inomoo
222,Corsola,Corsola,サニーゴ,Sanīgo,Sunnygo
223,Remoraid,Remoraid,テッポウオ,Teppouo,Teppouo
224,Octillery,Octillery,オクタン,Okutan,Okutank
225,Delibird,Delibird,デリバード,Deribādo,Delibird
226,Mantine,Mantine,マンタイン,Mantain,Mantain
227,Skarmory,Skarmory,エアームド,Eāmudo,Airmd
228,Houndour,Houndour,デルビル,Derubiru,Delvil
229,Houndoom,Houndoom,ヘルガー,Herugā,Hellgar
230,Kingdra,Kingdra,キングドラ,Kingudora,Kingdra
231,Phanpy,Phanpy,ゴマゾウ,Gomazō,Gomazou
232,Donphan,Donphan,ドンファン,Donfan,Donfan
233,Porygon2,Porygon2,ポリゴン２,Porigon Tsū,Porygon2
234,Stantler,Stantler,オドシシ,Odoshishi,Odoshishi
235,Smeargle,Smeargle,ドーブル,Dōburu,Doble
236,Tyrogue,Tyrogue,バルキー,Barukī,Balkie
237,Hitmontop,Hitmontop,カポエラー,Kapoerā,Kapoerer
238,Smoochum,Smoochum,ムチュール,Muchūru,Muchul
239,Elekid,Elekid,エレキッド,Erekiddo,Elekid
240,Magby,Magby,ブビィ,Bubī,Buby
241, ,Miltank,ミルタンク,Mirutanku,Miltank
242, ,Blissey,ハピナス,Hapinasu,Happinas
243, ,Raikou,ライコウ,Raikō,Raikou
244, ,Entei,エンテイ,Entei,Entei
245, ,Suicune,スイクン,Suikun,Suicune
246, ,Larvitar,ヨーギラス,Yōgirasu,Yogiras
247, ,Pupitar,サナギラス,Sanagirasu,Sanagiras
248, ,Tyranitar,バンギラス,Bangirasu,Bangiras
249, ,Lugia,ルギア,Rugia,Lugia
250, ,Ho-Oh,ホウオウ,Hōō,Houou
251, ,Celebi,セレビィ,Serebī,Celebi
252,Treecko,Treecko,キモリ,Kimori,Kimori
253,Grovyle,Grovyle,ジュプトル,Juputoru,Juptile
254,Sceptile,Sceptile,ジュカイン,Jukain,Jukain
255,Torchic,Torchic,アチャモ,Achamo,Achamo
256,Combusken,Combusken,ワカシャモ,Wakashamo,Wakasyamo
257,Blaziken,Blaziken,バシャーモ,Bashāmo,Bursyamo
258,Mudkip,Mudkip,ミズゴロウ,Mizugorō,Mizugorou
259,Marshtomp,Marshtomp,ヌマクロー,Numakurō,Numacraw
260,Swampert,Swampert,ラグラージ,Ragurāji,Laglarge
261,Poochyena,Poochyena,ポチエナ,Pochiena,Pochiena
262,Mightyena,Mightyena,グラエナ,Guraena,Graena
263,Zigzagoon,Zigzagoon,ジグザグマ,Jiguzaguma,Jiguzaguma
264,Linoone,Linoone,マッスグマ,Massuguma,Massuguma
265,Wurmple,Wurmple,ケムッソ,Kemusso,Kemusso
266,Silcoon,Silcoon,カラサリス,Karasarisu,Karasalis
267,Beautifly,Beautifly,アゲハント,Agehanto,Agehunt
268,Cascoon,Cascoon,マユルド,Mayurudo,Mayuld
269,Dustox,Dustox,ドクケイル,Dokukeiru,Dokucale
270,Lotad,Lotad,ハスボー,Hasubō,Hassboh
271, ,Lombre,ハスブレロ,Hasuburero,Hasubrero
272, ,Ludicolo,ルンパッパ,Runpappa,Runpappa
273, ,Seedot,タネボー,Tanebō,Taneboh
274, ,Nuzleaf,コノハナ,Konohana,Konohana
275, ,Shiftry,ダーテング,Dātengu,Dirteng
276, ,Taillow,スバメ,Subame,Subame
277, ,Swellow,オオスバメ,Ōsubame,Ohsubame
278, ,Wingull,キャモメ,Kyamome,Camome
279, ,Pelipper,ペリッパー,Perippā,Pelipper
280, ,Ralts,ラルトス,Rarutosu,Ralts
281, ,Kirlia,キルリア,Kiruria,Kirlia
282, ,Gardevoir,サーナイト,Sānaito,Sirnight
283, ,Surskit,アメタマ,Ametama,Ametama
284, ,Masquerain,アメモース,Amemōsu,Amemoth
285, ,Shroomish,キノココ,Kinokoko,Kinococo
286, ,Breloom,キノガッサ,Kinogassa,Kinogassa
287, ,Slakoth,ナマケロ,Namakero,Namakero
288, ,Vigoroth,ヤルキモノ,Yarukimono,Yarukimono
289,Slaking,Slaking,ケッキング,Kekkingu,Kekking
290,Nincada,Nincada,ツチニン,Tsuchinin,Tutinin
291,Ninjask,Ninjask,テッカニン,Tekkanin,Tekkanin
292,Shedinja,Shedinja,ヌケニン,Nukenin,Nukenin
293,Whismur,Whismur,ゴニョニョ,Gonyonyo,Gonyonyo
294,Loudred,Loudred,ドゴーム,Dogōmu,Dogohmb
295,Exploud,Exploud,バクオング,Bakuongu,Bakuong
296,Makuhita,Makuhita,マクノシタ,Makunoshita,Makunoshita
297,Hariyama,Hariyama,ハリテヤマ,Hariteyama,Hariteyama
298,Azurill,Azurill,ルリリ,Ruriri,Ruriri
299,Nosepass,Nosepass,ノズパス,Nozupasu,Nosepass
300,Skitty,Skitty,エネコ,Eneko,Eneco
301,Delcatty,Delcatty,エネコロロ,Enekororo,Enekororo
302,Sableye,Sableye,ヤミラミ,Yamirami,Yamirami
303,Mawile,Mawile,クチート,Kuchīto,Kucheat
304,Aron,Aron,ココドラ,Kokodora,Cokodora
305,Lairon,Lairon,コドラ,Kodora,Kodora
306,Aggron,Aggron,ボスゴドラ,Bosugodora,Bossgodora
307,Meditite,Meditite,アサナン,Asanan,Asanan
308,Medicham,Medicham,チャーレム,Chāremu,Charem
309, ,Electrike,ラクライ,Rakurai,Rakurai
310, ,Manectric,ライボルト,Raiboruto,Livolt
311, ,Plusle,プラスル,Purasuru,Prasle
312, ,Minun,マイナン,Mainan,Minun
313, ,Volbeat,バルビート,Barubīto,Barubeat
314, ,Illumise,イルミーゼ,Irumīze,Illumise
315, ,Roselia,ロゼリア,Rozeria,Roselia
316, ,Gulpin,ゴクリン,Gokurin,Gokulin
317, ,Swalot,マルノーム,Marunōmu,Marunoom
318, ,Carvanha,キバニア,Kibania,Kibanha
319, ,Sharpedo,サメハダー,Samehadā,Samehader
320, ,Wailmer,ホエルコ,Hoeruko,Hoeruko
321, ,Wailord,ホエルオー,Hoeruō,Whaloh
322, ,Numel,ドンメル,Donmeru,Donmel
323, ,Camerupt,バクーダ,Bakūda,Bakuuda
324, ,Torkoal,コータス,Kōtasu,Cotoise
325, ,Spoink,バネブー,Banebū,Baneboo
326, ,Grumpig,ブーピッグ,Būpiggu,Boopig
327, ,Spinda,パッチール,Patchīru,Patcheel
328, ,Trapinch,ナックラー,Nakkurā,Nuckrar
329, ,Vibrava,ビブラーバ,Biburāba,Vibrava
330, ,Flygon,フライゴン,Furaigon,Flygon
331, ,Cacnea,サボネア,Sabonea,Sabonea
332, ,Cacturne,ノクタス,Nokutasu,Noctus
333, ,Swablu,チルット,Chirutto,Tyltto
334, ,Altaria,チルタリス,Chirutarisu,Tyltalis
335, ,Zangoose,ザングース,Zangūsu,Zangoose
336, ,Seviper,ハブネーク,Habunēku,Habunake
337, ,Lunatone,ルナトーン,Runatōn,Lunatone
338, ,Solrock,ソルロック,Sorurokku,Solrock
339, ,Barboach,ドジョッチ,Dojotchi,Dojoach
340, ,Whiscash,ナマズン,Namazun,Namazun
341, ,Corphish,ヘイガニ,Heigani,Heigani
342, ,Crawdaunt,シザリガー,Shizarigā,Shizariger
343, ,Baltoy,ヤジロン,Yajiron,Yajilon
344, ,Claydol,ネンドール,Nendōru,Nendoll
345, ,Lileep,リリーラ,Rirīra,Lilyla
346, ,Cradily,ユレイドル,Yureidoru,Yuradle
347, ,Anorith,アノプス,Anopusu,Anopth
348, ,Armaldo,アーマルド,Āmarudo,Armaldo
349, ,Feebas,ヒンバス,Hinbasu,Hinbass
350, ,Milotic,ミロカロス,Mirokarosu,Milokaross
351, ,Castform,ポワルン,Powarun,Powalen
352, ,Kecleon,カクレオン,Kakureon,Kakureon
353, ,Shuppet,カゲボウズ,Kagebōzu,Kagebouzu
354, ,Banette,ジュペッタ,Jupetta,Juppeta
355, ,Duskull,ヨマワル,Yomawaru,Yomawaru
356, ,Dusclops,サマヨール,Samayōru,Samayouru
357, ,Tropius,トロピウス,Toropiusu,Tropius
358, ,Chimecho,チリーン,Chirīn,Chirean
359, ,Absol,アブソル,Abusoru,Absol
360, ,Wynaut,ソーナノ,Sōnano,Sohnano
361, ,Snorunt,ユキワラシ,Yukiwarashi,Yukiwarashi
362, ,Glalie,オニゴーリ,Onigōri,Onigohri
363, ,Spheal,タマザラシ,Tamazarashi,Tamazarashi
364, ,Sealeo,トドグラー,Todogurā,Todoggler
365, ,Walrein,トドゼルガ,Todozeruga,Todoseruga
366, ,Clamperl,パールル,Pāruru,Pearlulu
367, ,Huntail,ハンテール,Hantēru,Huntail
368, ,Gorebyss,サクラビス,Sakurabisu,Sakurabyss
369, ,Relicanth,ジーランス,Jīransu,Glanth
370, ,Luvdisc,ラブカス,Rabukasu,Lovecus
371, ,Bagon,タツベイ,Tatsubei,Tatsubay
372, ,Shelgon,コモルー,Komorū,Komoruu
373, ,Salamence,ボーマンダ,Bōmanda,Bohmander
374, ,Beldum,ダンバル,Danbaru,Dumbber
375,Metang,Metang,メタング,Metangu,Metang
376,Metagross,Metagross,メタグロス,Metagurosu,Metagross
377,Regirock,Regirock,レジロック,Rejirokku,Regirock
378,Regice,Regice,レジアイス,Rejiaisu,Regice
379,Registeel,Registeel,レジスチル,Rejisuchiru,Registeel
380,Latias,Latias,ラティアス,Ratiasu,Latias
381,Latios,Latios,ラティオス,Ratiosu,Latios
382,Kyogre,Kyogre,カイオーガ,Kaiōga,Kyogre
383,Groudon,Groudon,グラードン,Gurādon,Groudon
384,Rayquaza,Rayquaza,レックウザ,Rekkūza,Rayquaza
385,Jirachi,Jirachi,ジラーチ,Jirāchi,Jirachi
386,Deoxys,Deoxys,デオキシス,Deokishisu,Deoxys
387,Turtwig,Turtwig,ナエトル,Naetoru,Naetle
388,Grotle,Grotle,ハヤシガメ,Hayashigame,Hayashigame
389,Torterra,Torterra,ドダイトス,Dodaitosu,Dodaitose
390,Chimchar,Chimchar,ヒコザル,Hikozaru,Hikozaru
391,Monferno,Monferno,モウカザル,Mōkazaru,Moukazaru
392,Infernape,Infernape,ゴウカザル,Gōkazaru,Goukazaru
393,Piplup,Piplup,ポッチャマ,Potchama,Pochama
394, ,Prinplup,ポッタイシ,Pottaishi,Pottaishi
395, ,Empoleon,エンペルト,Enperuto,Emperte
396, ,Starly,ムックル,Mukkuru,Mukkuru
397, ,Staravia,ムクバード,Mukubādo,Mukubird
398, ,Staraptor,ムクホーク,Mukuhōku,Mukuhawk
399, ,Bidoof,ビッパ,Bippa,Bippa
400, ,Bibarel,ビーダル,Bīdaru,Beadaru
401, ,Kricketot,コロボーシ,Korobōshi,Korobohshi
402, ,Kricketune,コロトック,Korotokku,Korotock
403, ,Shinx,コリンク,Korinku,Kolink
404, ,Luxio,ルクシオ,Rukushio,Luxio
405, ,Luxray,レントラー,Rentorā,Rentorar
406, ,Budew,スボミー,Subomī,Subomie
407, ,Roserade,ロズレイド,Rozureido,Roserade
408, ,Cranidos,ズガイドス,Zugaidosu,Zugaidos
409, ,Rampardos,ラムパルド,Ramuparudo,Rampald
410, ,Shieldon,タテトプス,Tatetopusu,Tatetops
411, ,Bastiodon,トリデプス,Toridepusu,Torideps
412, ,Burmy,ミノムッチ,Minomutchi,Minomucchi
413, ,Wormadam,ミノマダム,Minomadamu,Minomadam
414, ,Mothim,ガーメイル,Gāmeiru,Gamale
415, ,Combee,ミツハニー,Mitsuhanī,Mitsuhoney
416, ,Vespiquen,ビークイン,Bīkuin,Beequen
417, ,Pachirisu,パチリス,Pachirisu,Pachirisu
418, ,Buizel,ブイゼル,Buizeru,Buoysel
419, ,Floatzel,フローゼル,Furōzeru,Floazel
420, ,Cherubi,チェリンボ,Cherinbo,Cherinbo
421, ,Cherrim,チェリム,Cherimu,Cherrim
422, ,Shellos,カラナクシ,Karanakushi,Karanakushi
423, ,Gastrodon,トリトドン,Toritodon,Tritodon
424, ,Ambipom,エテボース,Etebōsu,Eteboth
425, ,Drifloon,フワンテ,Fuwante,Fuwante
426, ,Drifblim,フワライド,Fuwaraido,Fuwaride
427, ,Buneary,ミミロル,Mimiroru,Mimirol
428, ,Lopunny,ミミロップ,Mimiroppu,Mimilop
429, ,Mismagius,ムウマージ,Mūmāji,Mumargi
430, ,Honchkrow,ドンカラス,Donkarasu,Dongkarasu
431, ,Glameow,ニャルマー,Nyarumā,Nyarmar
432, ,Purugly,ブニャット,Bunyatto,Bunyatto
433, ,Chingling,リーシャン,Rīshan,Lisyan
434, ,Stunky,スカンプー,Sukanpū,Skunpuu
435, ,Skuntank,スカタンク,Sukatanku,Skutank
436, ,Bronzor,ドーミラー,Dōmirā,Dohmirror
437, ,Bronzong,ドータクン,Dōtakun,Dohtakun
438, ,Bonsly,ウソハチ,Usohachi,Usohachi
439, ,Mime Jr.,マネネ,Manene,Manene
440, ,Happiny,ピンプク,Pinpuku,Pinpuku
441, ,Chatot,ペラップ,Perappu,Perap
442, ,Spiritomb,ミカルゲ,Mikaruge,Mikaruge
443, ,Gible,フカマル,Fukamaru,Fukamaru
444, ,Gabite,ガバイト,Gabaito,Gabite
445, ,Garchomp,ガブリアス,Gaburiasu,Gaburias
446, ,Munchlax,ゴンベ,Gonbe,Gonbe
447, ,Riolu,リオル,Rioru,Riolu
448, ,Lucario,ルカリオ,Rukario,Lucario
449, ,Hippopotas,ヒポポタス,Hipopotasu,Hippopotas
450, ,Hippowdon,カバルドン,Kabarudon,Kabaldon
451, ,Skorupi,スコルピ,Sukorupi,Scorupi
452, ,Drapion,ドラピオン,Dorapion,Dorapion
453, ,Croagunk,グレッグル,Guregguru,Gureggru
454, ,Toxicroak,ドクロッグ,Dokuroggu,Dokurog
455, ,Carnivine,マスキッパ,Masukippa,Muskippa
456, ,Finneon,ケイコウオ,Keiko'uo,Keikouo
457, ,Lumineon,ネオラント,Neoranto,Neolant
458, ,Mantyke,タマンタ,Tamanta,Tamanta
459, ,Snover,ユキカブリ,Yukikaburi,Yukikaburi
460, ,Abomasnow,ユキノオー,Yukinoō,Yukinooh
461, ,Weavile,マニューラ,Manyūra,Manyula
462, ,Magnezone,ジバコイル,Jibakoiru,Jibacoil
463, ,Lickilicky,ベロベルト,Beroberuto,Berobelt
464, ,Rhyperior,ドサイドン,Dosaidon,Dosidon
465, ,Tangrowth,モジャンボ,Mojanbo,Mojumbo
466, ,Electivire,エレキブル,Erekiburu,Elekible
467, ,Magmortar,ブーバーン,Būbān,Booburn
468, ,Togekiss,トゲキッス,Togekissu,Togekiss
469, ,Yanmega,メガヤンマ,Megayanma,Megayanma
470, ,Leafeon,リーフィア,Rīfia,Leafia
471, ,Glaceon,グレイシア,Gureishia,Glacia
472, ,Gliscor,グライオン,Guraion,Glion
473, ,Mamoswine,マンムー,Manmū,Mammoo
474, ,Porygon-Z,ポリゴンＺ,Porigon Zetto,Porygon-Z
475, ,Gallade,エルレイド,Erureido,Erureido
476, ,Probopass,ダイノーズ,Dainōzu,Dainose
477, ,Dusknoir,ヨノワール,Yonowāru,Yonoir
478, ,Froslass,ユキメノコ,Yukimenoko,Yukimenoko
479, ,Rotom,ロトム,Rotomu,Rotom
480, ,Uxie,ユクシー,Yukushī,Yuxie
481, ,Mesprit,エムリット,Emuritto,Emrit
482, ,Azelf,アグノム,Agunomu,Agnome
483, ,Dialga,ディアルガ,Diaruga,Dialga
484, ,Palkia,パルキア,Parukia,Palkia
485, ,Heatran,ヒードラン,Hīdoran,Heatran
486, ,Regigigas,レジギガス,Rejigigasu,Regigigas
487, ,Giratina,ギラティナ,Giratina,Giratina
488, ,Cresselia,クレセリア,Kureseria,Cresselia
489, ,Phione,フィオネ,Fione,Phione
490, ,Manaphy,マナフィ,Manafi,Manaphy
491, ,Darkrai,ダークライ,Dākurai,Darkrai
492, ,Shaymin,シェイミ,Sheimi,Shaymin
493,Arceus,Arceus,アルセウス,Aruseusu,Arceus
494,Victini,Victini,ビクティニ,Bikutini,Victini
495,Snivy,Snivy,ツタージャ,Tsutāja,Tsutarja
496,Servine,Servine,ジャノビー,Janobī,Janovy
497,Serperior,Serperior,ジャローダ,Jarōda,Jalorda
498,Tepig,Tepig,ポカブ,Pokabu,Pokabu
499,Pignite,Pignite,チャオブー,Chaobū,Chaoboo
500,Emboar,Emboar,エンブオー,Enbuō,Enbuoh
501,Oshawott,Oshawott,ミジュマル,Mijumaru,Mijumaru
502,Dewott,Dewott,フタチマル,Futachimaru,Futachimaru
503,Samurott,Samurott,ダイケンキ,Daikenki,Daikenki
504,Patrat,Patrat,ミネズミ,Minezumi,Minezumi
505,Watchog,Watchog,ミルホッグ,Miruhoggu,Miruhog
506,Lillipup,Lillipup,ヨーテリー,Yōterī,Yorterrie
507,Herdier,Herdier,ハーデリア,Hāderia,Herderrie
508,Stoutland,Stoutland,ムーランド,Mūrando,Mooland
509,Purrloin,Purrloin,チョロネコ,Choroneko,Choroneko
510,Liepard,Liepard,レパルダス,Reparudasu,Lepardas
511,Pansage,Pansage,ヤナップ,Yanappu,Yanappu
512,Simisage,Simisage,ヤナッキー,Yanakkī,Yanakkie
513,Pansear,Pansear,バオップ,Baoppu,Baoppu
514,Simisear,Simisear,バオッキー,Baokkī,Baokkie
515, ,Panpour,ヒヤップ,Hiyappu,Hiyappu
516, ,Simipour,ヒヤッキー,Hiyakkī,Hiyakkie
517, ,Munna,ムンナ,Munna,Munna
518, ,Musharna,ムシャーナ,Mushāna,Musharna
519, ,Pidove,マメパト,Mamepato,Mamepato
520, ,Tranquill,ハトーボー,Hatōbō,Hatoboh
521, ,Unfezant,ケンホロウ,Kenhorō,Kenhallow
522, ,Blitzle,シママ,Shimama,Shimama
523, ,Zebstrika,ゼブライカ,Zeburaika,Zebraika
524, ,Roggenrola,ダンゴロ,Dangoro,Dangoro
525, ,Boldore,ガントル,Gantoru,Gantle
526, ,Gigalith,ギガイアス,Gigaiasu,Gigaiath
527, ,Woobat,コロモリ,Koromori,Koromori
528, ,Swoobat,ココロモリ,Kokoromori,Kokoromori
529, ,Drilbur,モグリュー,Moguryū,Mogurew
530, ,Excadrill,ドリュウズ,Doryūzu,Doryuzu
531, ,Audino,タブンネ,Tabunne,Tabunne
532, ,Timburr,ドッコラー,Dokkorā,Dokkorer
533, ,Gurdurr,ドテッコツ,Dotekkotsu,Dotekkotsu
534, ,Conkeldurr,ローブシン,Rōbushin,Roubushin
535, ,Tympole,オタマロ,Otamaro,Otamaro
536, ,Palpitoad,ガマガル,Gamagaru,Gamagaru
537, ,Seismitoad,ガマゲロゲ,Gamageroge,Gamageroge
538, ,Throh,ナゲキ,Nageki,Nageki
539, ,Sawk,ダゲキ,Dageki,Dageki
540, ,Sewaddle,クルミル,Kurumiru,Kurumiru
541, ,Swadloon,クルマユ,Kurumayu,Kurumayu
542, ,Leavanny,ハハコモリ,Hahakomori,Hahakomori
543, ,Venipede,フシデ,Fushide,Fushide
544, ,Whirlipede,ホイーガ,Hoīga,Wheega
545, ,Scolipede,ペンドラー,Pendorā,Pendror
546, ,Cottonee,モンメン,Monmen,Monmen
547, ,Whimsicott,エルフーン,Erufūn,Elfuun
548, ,Petilil,チュリネ,Churine,Churine
549, ,Lilligant,ドレディア,Doredia,Dredear
550, ,Basculin,バスラオ,Basurao,Bassrao
551, ,Sandile,メグロコ,Meguroko,Meguroco
552, ,Krokorok,ワルビル,Warubiru,Waruvile
553, ,Krookodile,ワルビアル,Warubiaru,Waruvial
554, ,Darumaka,ダルマッカ,Darumakka,Darumakka
555, ,Darmanitan,ヒヒダルマ,Hihidaruma,Hihidaruma
556, ,Maractus,マラカッチ,Marakatchi,Maracacchi
557, ,Dwebble,イシズマイ,Ishizumai,Ishizumai
558, ,Crustle,イワパレス,Iwaparesu,Iwapalace
559, ,Scraggy,ズルッグ,Zuruggu,Zuruggu
560, ,Scrafty,ズルズキン,Zuruzukin,Zuruzukin
561, ,Sigilyph,シンボラー,Shinborā,Symboler
562, ,Yamask,デスマス,Desumasu,Desumasu
563, ,Cofagrigus,デスカーン,Desukān,Desukarn
564, ,Tirtouga,プロトーガ,Purotōga,Protoga
565, ,Carracosta,アバゴーラ,Abagōra,Abagoura
566, ,Archen,アーケン,Āken,Archen
567, ,Archeops,アーケオス,Ākeosu,Archeos
568, ,Trubbish,ヤブクロン,Yabukuron,Yabukuron
569, ,Garbodor,ダストダス,Dasutodasu,Dustdas
570, ,Zorua,ゾロア,Zoroa,Zorua
571, ,Zoroark,ゾロアーク,Zoroāku,Zoroark
572, ,Minccino,チラーミィ,Chirāmī,Chillarmy
573, ,Cinccino,チラチーノ,Chirachīno,Chillaccino
574, ,Gothita,ゴチム,Gochimu,Gothimu
575, ,Gothorita,ゴチミル,Gochimiru,Gothimiru
576, ,Gothitelle,ゴチルゼル,Gochiruzeru,Gothiruselle
577, ,Solosis,ユニラン,Yuniran,Uniran
578, ,Duosion,ダブラン,Daburan,Doublan
579, ,Reuniclus,ランクルス,Rankurusu,Lanculus
580, ,Ducklett,コアルヒー,Koaruhī,Koaruhie
581, ,Swanna,スワンナ,Suwanna,Swanna
582, ,Vanillite,バニプッチ,Baniputchi,Vanipeti
583, ,Vanillish,バニリッチ,Baniritchi,Vanirich
584, ,Vanilluxe,バイバニラ,Baibanira,Baivanilla
585, ,Deerling,シキジカ,Shikijika,Shikijika
586, ,Sawsbuck,メブキジカ,Mebukijika,Mebukijika
587, ,Emolga,エモンガ,Emonga,Emonga
588, ,Karrablast,カブルモ,Kaburumo,Kaburumo
589, ,Escavalier,シュバルゴ,Shubarugo,Chevargo
590, ,Foongus,タマゲタケ,Tamagetake,Tamagetake
591, ,Amoonguss,モロバレル,Morobareru,Morobareru
592, ,Frillish,プルリル,Pururiru,Pururill
593, ,Jellicent,ブルンゲル,Burungeru,Burungel
594, ,Alomomola,ママンボウ,Mamanbō,Mamanbou
595, ,Joltik,バチュル,Bachuru,Bachuru
596, ,Galvantula,デンチュラ,Denchura,Dentula
597, ,Ferroseed,テッシード,Tesshīdo,Tesseed
598, ,Ferrothorn,ナットレイ,Nattorei,Nutrey
599,Klink,Klink,ギアル,Giaru,Giaru
600,Klang,Klang,ギギアル,Gigiaru,Gigiaru
601,Klinklang,Klinklang,ギギギアル,Gigigiaru,Gigigiaru
602,Tynamo,Tynamo,シビシラス,Shibishirasu,Shibishirasu
603,Eelektrik,Eelektrik,シビビール,Shibibīru,Shibibeel
604,Eelektross,Eelektross,シビルドン,Shibirudon,Shibirudon
605,Elgyem,Elgyem,リグレー,Rigurē,Ligray
606,Beheeyem,Beheeyem,オーベム,Ōbemu,Ohbem
607,Litwick,Litwick,ヒトモシ,Hitomoshi,Hitomoshi
608,Lampent,Lampent,ランプラー,Ranpurā,Lampler
609,Chandelure,Chandelure,シャンデラ,Shandera,Chandela
610,Axew,Axew,キバゴ,Kibago,Kibago
611,Fraxure,Fraxure,オノンド,Onondo,Onondo
612,Haxorus,Haxorus,オノノクス,Ononokusu,Ononokus
613,Cubchoo,Cubchoo,クマシュン,Kumashun,Kumasyun
614,Beartic,Beartic,ツンベアー,Tsunbeā,Tunbear
615,Cryogonal,Cryogonal,フリージオ,Furījio,Freegeo
616,Shelmet,Shelmet,チョボマキ,Chobomaki,Chobomaki
617,Accelgor,Accelgor,アギルダー,Agirudā,Agilder
618, ,Stunfisk,マッギョ,Maggyo,Maggyo
619, ,Mienfoo,コジョフー,Kojofū,Kojofu
620, ,Mienshao,コジョンド,Kojondo,Kojondo
621, ,Druddigon,クリムガン,Kurimugan,Crimgan
622, ,Golett,ゴビット,Gobitto,Gobit
623, ,Golurk,ゴルーグ,Gorūgu,Goloog
624, ,Pawniard,コマタナ,Komatana,Komatana
625, ,Bisharp,キリキザン,Kirikizan,Kirikizan
626, ,Bouffalant,バッフロン,Baffuron,Buffron
627, ,Rufflet,ワシボン,Washibon,Washibon
628, ,Braviary,ウォーグル,Wōguru,Warrgle
629, ,Vullaby,バルチャイ,Baruchai,Valchai
630, ,Mandibuzz,バルジーナ,Barujīna,Vulgina
631, ,Heatmor,クイタラン,Kuitaran,Kuitaran
632, ,Durant,アイアント,Aianto,Aiant
633, ,Deino,モノズ,Monozu,Monozu
634, ,Zweilous,ジヘッド,Jiheddo,Dihead
635, ,Hydreigon,サザンドラ,Sazandora,Sazandora
636, ,Larvesta,メラルバ,Meraruba,Merlarva
637, ,Volcarona,ウルガモス,Urugamosu,Ulgamoth
638, ,Cobalion,コバルオン,Kobaruon,Cobalon
639, ,Terrakion,テラキオン,Terakion,Terrakion
640, ,Virizion,ビリジオン,Birijion,Virizion
641, ,Tornadus,トルネロス,Torunerosu,Tornelos
642, ,Thundurus,ボルトロス,Borutorosu,Voltolos
643, ,Reshiram,レシラム,Reshiramu,Reshiram
644, ,Zekrom,ゼクロム,Zekuromu,Zekrom
645, ,Landorus,ランドロス,Randorosu,Landlos
646, ,Kyurem,キュレム,Kyuremu,Kyurem
647, ,Keldeo,ケルディオ,Kerudio,Keldeo
648, ,Meloetta,メロエッタ,Meroetta,Meloetta
649, ,Genesect,ゲノセクト,Genosekuto,Genesect
650, ,Chespin,ハリマロン,Harimaron,Harimaron
651, ,Quilladin,ハリボーグ,Haribōgu,Hariborg
652, ,Chesnaught,ブリガロン,Burigaron,Brigarron
653, ,Fennekin,フォッコ,Fokko,Fokko
654, ,Braixen,テールナー,Tērunā,Tairenar
655, ,Delphox,マフォクシー,Mafokushī,Mahoxy
656, ,Froakie,ケロマツ,Keromatsu,Keromatsu
657, ,Frogadier,ゲコガシラ,Gekogashira,Gekogashira
658, ,Greninja,ゲッコウガ,Gekkōga,Gekkouga
659, ,Bunnelby,ホルビー,Horubī,Horubee
660, ,Diggersby,ホルード,Horūdo,Horudo
661, ,Fletchling,ヤヤコマ,Yayakoma,Yayakoma
662, ,Fletchinder,ヒノヤコマ,Hinoyakoma,Hinoyakoma
663, ,Talonflame,ファイアロー,Faiarō,Fiarrow
664, ,Scatterbug,コフキムシ,Kofukimushi,Kofukimushi
665, ,Spewpa,コフーライ,Kofūrai,Kofuurai
666, ,Vivillon,ビビヨン,Bibiyon,Viviyon
667, ,Litleo,シシコ,Shishiko,Shishiko
668,Pyroar,Pyroar,カエンジシ,Kaenjishi,Kaenjishi
669,Flabébé,Flabébé,フラベベ,Furabebe,Flabebe
670,Floette,Floette,フラエッテ,Furaette,Floette
671,Florges,Florges,フラージェス,Furājesu,Florges
672,Skiddo,Skiddo,メェークル,Mēkuru,Meecle
673,Gogoat,Gogoat,ゴーゴート,Gōgōto,Gogoat
674,Pancham,Pancham,ヤンチャム,Yanchamu,Yancham
675,Pangoro,Pangoro,ゴロンダ,Goronda,Goronda
676,Furfrou,Furfrou,トリミアン,Torimian,Trimmien
677,Espurr,Espurr,ニャスパー,Nyasupā,Nyasper
678,Meowstic,Meowstic,ニャオニクス,Nyaonikusu,Nyaonix
679,Honedge,Honedge,ヒトツキ,Hitotsuki,Hitotsuki
680,Doublade,Doublade,ニダンギル,Nidangiru,Nidangill
681,Aegislash,Aegislash,ギルガルド,Girugarudo,Gillgard
682,Spritzee,Spritzee,シュシュプ,Shushupu,Shushupu
683,Aromatisse,Aromatisse,フレフワン,Furefuwan,Frefuwan
684,Swirlix,Swirlix,ペロッパフ,Peroppafu,Peroppafu
685,Slurpuff,Slurpuff,ペロリーム,Perorīmu,Peroream
686,Inkay,Inkay,マーイーカ,Māīka,Maaiika
687,Malamar,Malamar,カラマネロ,Karamanero,Calamanero
688,Binacle,Binacle,カメテテ,Kametete,Kametete
689,Barbaracle,Barbaracle,ガメノデス,Gamenodesu,Gamenodes
690,Skrelp,Skrelp,クズモー,Kuzumō,Kuzumo
691,Dragalge,Dragalge,ドラミドロ,Doramidoro,Dramidoro
692,Clauncher,Clauncher,ウデッポウ,Udeppō,Udeppou
693,Clawitzer,Clawitzer,ブロスター,Burosutā,Bloster
694,Helioptile,Helioptile,エリキテル,Erikiteru,Erikiteru
695,Heliolisk,Heliolisk,エレザード,Erezādo,Elezard
696,Tyrunt,Tyrunt,チゴラス,Chigorasu,Chigoras
697,Tyrantrum,Tyrantrum,ガチゴラス,Gachigorasu,Gachigoras
698,Amaura,Amaura,アマルス,Amarusu,Amarus
699,Aurorus,Aurorus,アマルルガ,Amaruruga,Amaruruga
700,Sylveon,Sylveon,ニンフィア,Ninfia,Nymphia
701,Hawlucha,Hawlucha,ルチャブル,Ruchaburu,Luchabull
702,Dedenne,Dedenne,デデンネ,Dedenne,Dedenne
703,Carbink,Carbink,メレシー,Mereshī,Melecie
704,Goomy,Goomy,ヌメラ,Numera,Numera
705,Sliggoo,Sliggoo,ヌメイル,Numeiru,Numeil
706,Goodra,Goodra,ヌメルゴン,Numerugon,Numelgon
707,Klefki,Klefki,クレッフィ,Kureffi,Cleffy
708,Phantump,Phantump,ボクレー,Bokurē,Bokurei
709,Trevenant,Trevenant,オーロット,Ōrotto,Ohrot
710,Pumpkaboo,Pumpkaboo,バケッチャ,Baketcha,Bakeccha
711,Gourgeist,Gourgeist,パンプジン,Panpujin,Pumpjin
712, ,Bergmite,カチコール,Kachikōru,Kachikohru
713,Avalugg,Avalugg,クレベース,Kurebēsu,Crebase
714,Noibat,Noibat,オンバット,Onbatto,Onbat
715,Noivern,Noivern,オンバーン,Onbān,Onvern
716,Xerneas,Xerneas,ゼルネアス,Zeruneasu,Xerneas
717,Yveltal,Yveltal,イベルタル,Iberutaru,Yveltal
718,Zygarde,Zygarde,ジガルデ,Jigarude,Zygarde
719,Diancie,Diancie,ディアンシー,Dianshī,Diancie
720,Hoopa,Hoopa,フーパ,Fūpa,Hoopa
721,Volcanion,Volcanion,ボルケニオン,Borukenion,Volcanion
722,Rowlet,Rowlet,モクロー,Mokurō,Mokuroh
723,Dartrix,Dartrix,フクスロー,Fukusurō,Fukuthrow
724,Decidueye,Decidueye,ジュナイパー,Junaipā,Junaiper
725,Litten,Litten,ニャビー,Nyabī,Nyabby
726,Torracat,Torracat,ニャヒート,Nyahīto,Nyaheat
727,Incineroar,Incineroar,ガオガエン,Gaogaen,Gaogaen
728,Popplio,Popplio,アシマリ,Ashimari,Ashimari
729,Brionne,Brionne,オシャマリ,Oshamari,Osyamari
730,Primarina,Primarina,アシレーヌ,Ashirēnu,Ashirene
731,Pikipek,Pikipek,ツツケラ,Tsutsukera,Tsutsukera
732,Trumbeak,Trumbeak,ケララッパ,Kerarappa,Kerarappa
733,Toucannon,Toucannon,ドデカバシ,Dodekabashi,Dodekabashi
734,Yungoos,Yungoos,ヤングース,Yangūsu,Youngoose
735,Gumshoos,Gumshoos,デカグース,Dekagūsu,Dekagoose
736,Grubbin,Grubbin,アゴジムシ,Agojimushi,Agojimushi
737,Charjabug,Charjabug,デンヂムシ,Denjimushi,Dendimushi
738,Vikavolt,Vikavolt,クワガノン,Kuwaganon,Kuwagannon
739,Crabrawler,Crabrawler,マケンカニ,Makenkani,Makenkani
740,Crabominable,Crabominable,ケケンカニ,Kekenkani,Kekenkani
741,Oricorio,Oricorio,オドリドリ,Odoridori,Odoridori
742,Cutiefly,Cutiefly,アブリー,Aburī,Abuly
743,Ribombee,Ribombee,アブリボン,Aburibon,Aburibbon
744,Rockruff,Rockruff,イワンコ,Iwanko,Iwanko
745,Lycanroc,Lycanroc,ルガルガン,Rugarugan,Lugarugan
746,Wishiwashi,Wishiwashi,ヨワシ,Yowashi,Yowashi
747,Mareanie,Mareanie,ヒドイデ,Hidoide,Hidoide
748,Toxapex,Toxapex,ドヒドイデ,Dohidoide,Dohidoide
749,Mudbray,Mudbray,ドロバンコ,Dorobanko,Dorobanko
750,Mudsdale,Mudsdale,バンバドロ,Banbadoro,Banbadoro
751,Dewpider,Dewpider,シズクモ,Shizukumo,Shizukumo
752,Araquanid,Araquanid,オニシズクモ,Onishizukumo,Onishizukumo
753,Fomantis,Fomantis,カリキリ,Karikiri,Karikiri
754,Lurantis,Lurantis,ラランテス,Rarantesu,Lalantes
755, ,Morelull,ネマシュ,Nemashu,Nemasyu
756, ,Shiinotic,マシェード,Mashēdo,Mashade
757, ,Salandit,ヤトウモリ,Yatōmori,Yatoumori
758, ,Salazzle,エンニュート,Ennyūto,Ennewt
759, ,Stufful,ヌイコグマ,Nuikoguma,Nuikoguma
760,Bewear,Bewear,キテルグマ,Kiteruguma,Kiteruguma
761,Bounsweet,Bounsweet,アマカジ,Amakaji,Amakaji
762,Steenee,Steenee,アママイコ,Amamaiko,Amamaiko
763,Tsareena,Tsareena,アマージョ,Amājo,Amajo
764,Comfey,Comfey,キュワワー,Kyuwawā,Cuwawa
765,Oranguru,Oranguru,ヤレユータン,Yareyūtan,Yareyuutan
766,Passimian,Passimian,ナゲツケサル,Nagetsukesaru,Nagetukesaru
767,Wimpod,Wimpod,コソクムシ,Kosokumushi,Kosokumushi
768,Golisopod,Golisopod,グソクムシャ,Gusokumusha,Gusokumusha
769,Sandygast,Sandygast,スナバァ,Sunabā,Sunaba
770,Palossand,Palossand,シロデスナ,Shirodesuna,Sirodethna
771,Pyukumuku,Pyukumuku,ナマコブシ,Namakobushi,Namakobushi
772,Type: Null,Type: Null,タイプ：ヌル,Taipu:Nuru,Type: Null
773,Silvally,Silvally,シルヴァディ,Shiruvadi,Silvady
774,Minior,Minior,メテノ,Meteno,Meteno
775,Komala,Komala,ネッコアラ,Nekkoara,Nekkoara
776,Turtonator,Turtonator,バクガメス,Bakugamesu,Bakugames
777,Togedemaru,Togedemaru,トゲデマル,Togedemaru,Togedemaru
778,Mimikyu,Mimikyu,ミミッキュ,Mimikkyu,Mimikkyu
779,Bruxish,Bruxish,ハギギシリ,Hagigishiri,Hagigishiri
780,Drampa,Drampa,ジジーロン,Jijīron,Jijilong
781,Dhelmise,Dhelmise,ダダリン,Dadarin,Dadarin
782,Jangmo-o,Jangmo-o,ジャラコ,Jarako,Jyarako
783,Hakamo-o,Hakamo-o,ジャランゴ,Jarango,Jyarango
784,Kommo-o,Kommo-o,ジャラランガ,Jararanga,Jyararanga
785,Tapu Koko,Tapu Koko,カプ・コケコ,Kapu Kokeko,Kapu-Kokeko
786,Tapu Lele,Tapu Lele,カプ・テテフ,Kapu Tetefu,Kapu-Tetefu
787,Tapu Bulu,Tapu Bulu,カプ・ブルル,Kapu Bururu,Kapu-Bulul
788,Tapu Fini,Tapu Fini,カプ・レヒレ,Kapu Rehire,Kapu-Rehire
789,Cosmog,Cosmog,コスモッグ,Kosumoggu,Cosmog
790, ,Cosmoem,コスモウム,Kosumoumu,Cosmovum
791, ,Solgaleo,ソルガレオ,Sorugareo,Solgaleo
792, ,Lunala,ルナアーラ,Runaāra,Lunala
793, ,Nihilego,ウツロイド,Utsuroido,Uturoid
794, ,Buzzwole,マッシブーン,Masshibūn,Massivoon
795, ,Pheromosa,フェローチェ,Ferōche,Pheroache
796, ,Xurkitree,デンジュモク,Denjumoku,Denjyumoku
797, ,Celesteela,テッカグヤ,Tekkaguya,Tekkaguya
798, ,Kartana,カミツルギ,Kamitsurugi,Kamiturugi
799, ,Guzzlord,アクジキング,Akujikingu,Akuziking
800, ,Necrozma,ネクロズマ,Nekurozuma,Necrozma
801,Magearna,Magearna,マギアナ,Magiana,Magearna
802,Marshadow,Marshadow,マーシャドー,Māshadō,Marshadow
803,Poipole,Poipole,ベベノム,Bebenomu,Bevenom
804,Naganadel,Naganadel,アーゴヨン,Āgoyon,Agoyon
805,Stakataka,Stakataka,ツンデツンデ,Tsundetsunde,Tundetunde
806,Blacephalon,Blacephalon,ズガドーン,Zugadōn,Zugadoon
807,Zeraora,Zeraora,ゼラオラ,Zeraora,Zeraora
808,Meltan,Meltan,メルタン,Merutan,Meltan
809,Melmetal,Melmetal,メルメタル,Merumetaru,Melmetal
810,Grookey,Grookey,サルノリ,Sarunori,Sarunori
811,Thwackey,Thwackey,バチンキー,Bachinkī,Bachinkey
812,Rillaboom,Rillaboom,ゴリランダー,Gorirandā,Gorirander
813,Scorbunny,Scorbunny,ヒバニー,Hibanī,Hibanny
814,Raboot,Raboot,ラビフット,Rabifutto,Rabbifuto
815,Cinderace,Cinderace,エースバーン,Ēsubān,Aceburn
816,Sobble,Sobble,メッソン,Messon,Messon
817, ,Drizzile,ジメレオン,Jimereon,Jimereon
818, ,Inteleon,インテレオン,Intereon,Intereon
819, ,Skwovet,ホシガリス,Hoshigarisu,Hoshigarisu
820, ,Greedent,ヨクバリス,Yokubarisu,Yokubarisu
821, ,Rookidee,ココガラ,Kokogara,Kokogara
822, ,Corvisquire,アオガラス,Aogarasu,Aogarasu
823, ,Corviknight,アーマーガア,Āmāgā,Armorga
824, ,Blipbug,サッチムシ,Satchimushi,Sacchimushi
825, ,Dottler,レドームシ,Redōmushi,Redomushi
826, ,Orbeetle,イオルブ,Iorubu,Eolb
827, ,Nickit,クスネ,Kusune,Kusune
828, ,Thievul,フォクスライ,Fokusurai,Foxly
829, ,Gossifleur,ヒメンカ,Himenka,Himenka
830, ,Eldegoss,ワタシラガ,Watashiraga,Watashiraga
831, ,Wooloo,ウールー,Ūrū,Wooluu
832, ,Dubwool,バイウールー,Baiūrū,Baiwooluu
833, ,Chewtle,カムカメ,Kamukame,Kamukame
834,Drednaw,Drednaw,カジリガメ,Kajirigame,Kajirigame
835,Yamper,Yamper,ワンパチ,Wanpachi,Wanpachi
836,Boltund,Boltund,パルスワン,Parusuwan,Pulsewan
837,Rolycoly,Rolycoly,タンドン,Tandon,Tandon
838,Carkol,Carkol,トロッゴン,Toroggon,Toroggon
839,Coalossal,Coalossal,セキタンザン,Sekitanzan,Sekitanzan
840,Applin,Applin,カジッチュ,Kajitchu,Kajicchu
841,Flapple,Flapple,アップリュー,Appuryū,Appryu
842,Appletun,Appletun,タルップル,Taruppuru,Tarupple
843,Silicobra,Silicobra,スナヘビ,Sunahebi,Sunahebi
844,Sandaconda,Sandaconda,サダイジャ,Sadaija,Sadaija
845,Cramorant,Cramorant,ウッウ,U'u,Uu
846,Arrokuda,Arrokuda,サシカマス,Sashikamasu,Sasikamasu
847,Barraskewda,Barraskewda,カマスジョー,Kamasujō,Kamasujaw
848,Toxel,Toxel,エレズン,Erezun,Eleson
849,Toxtricity,Toxtricity,ストリンダー,Sutorindā,Strinder
850,Sizzlipede,Sizzlipede,ヤクデ,Yakude,Yakude
851,Centiskorch,Centiskorch,マルヤクデ,Maruyakude,Maruyakude
852,Clobbopus,Clobbopus,タタッコ,Tatakko,Tatakko
853,Grapploct,Grapploct,オトスパス,Otosupasu,Otosupus
854,Sinistea,Sinistea,ヤバチャ,Yabacha,Yabacha
855,Polteageist,Polteageist,ポットデス,Pottodesu,Potdeath
856,Hatenna,Hatenna,ミブリム,Miburimu,Mibrim
857,Hattrem,Hattrem,テブリム,Teburimu,Tebrim
858,Hatterene,Hatterene,ブリムオン,Burimuon,Brimuon
859,Impidimp,Impidimp,ベロバー,Berobā,Beroba
860,Morgrem,Morgrem,ギモー,Gimō,Gimoh
861,Grimmsnarl,Grimmsnarl,オーロンゲ,Ōronge,Ohlonge
862,Obstagoon,Obstagoon,タチフサグマ,Tachifusaguma,Tachifusaguma
863,Perrserker,Perrserker,ニャイキング,Nyaikingu,Nyaiking
864,Cursola,Cursola,サニゴーン,Sanigōn,Sunigoon
865,Sirfetch'd,Sirfetch'd,ネギガナイト,Negiganaito,Negigaknight
866,Mr. Rime,Mr. Rime,バリコオル,Barikōru,Barrikohru
867,Runerigus,Runerigus,デスバーン,Desubān,Deathbarn
868,Milcery,Milcery,マホミル,Mahomiru,Mahomil
869,Alcremie,Alcremie,マホイップ,Mahoippu,Mawhip
870,Falinks,Falinks,タイレーツ,Tairētsu,Tairetsu
871,Pincurchin,Pincurchin,バチンウニ,Bachin'uni,Bachinuni
872,Snom,Snom,ユキハミ,Yukihami,Yukihami
873,Frosmoth,Frosmoth,モスノウ,Mosunō,Mothnow
874,Stonjourner,Stonjourner,イシヘンジン,Ishihenjin,Ishihengin
875,Eiscue,Eiscue,コオリッポ,Kōrippo,Korippo
876,Indeedee,Indeedee,イエッサン,Iessan,Yessan
877,Morpeko,Morpeko,モルペコ,Morupeko,Morpeko
878,Cufant,Cufant,ゾウドウ,Zōdō,Zoudou
879,Copperajah,Copperajah,ダイオウドウ,Daiōdō,Daioudou
880,Dracozolt,Dracozolt,パッチラゴン,Patchiragon,Patchiragon
881,Arctozolt,Arctozolt,パッチルドン,Patchirudon,Patchilldon
882,Dracovish,Dracovish,ウオノラゴン,Uonoragon,Uonoragon
883,Arctovish,Arctovish,ウオチルドン,Uochirudon,Uochilldon
884,Duraludon,Duraludon,ジュラルドン,Jurarudon,Duraludon
885,Dreepy,Dreepy,ドラメシヤ,Dorameshiya,Dorameshiya
886,Drakloak,Drakloak,ドロンチ,Doronchi,Doronch
887,Dragapult,Dragapult,ドラパルト,Doraparuto,Dorapult
888,Zacian,Zacian,ザシアン,Zashian,Zacian
889,Zamazenta,Zamazenta,ザマゼンタ,Zamazenta,Zamazenta
890,Eternatus,Eternatus,ムゲンダイナ,Mugendaina,Mugendina
891,Kubfu,Kubfu,ダクマ,Dakuma,Dakuma
892,Urshifu,Urshifu,ウーラオス,Ūraosu,Wulaosu
893,Zarude,Zarude,ザルード,Zarūdo,Zarude
894,Regieleki,Regieleki,レジエレキ,Rejiereki,Regieleki
895,Regidrago,Regidrago,レジドラゴ,Rejidorago,Regidorago
896,Glastrier,Glastrier,ブリザポス,Burizaposu,Blizzapos
897,Spectrier,Spectrier,レイスポス,Reisuposu,Wraithpos
898,Calyrex,Calyrex,バドレックス,Badorekkusu,Budrex
899,Wyrdeer,Wyrdeer,アヤシシ,Ayashishi,Ayashishi
900,Kleavor,Kleavor,バサギリ,Basagiri,Basagiri
901,Ursaluna,Ursaluna,ガチグマ,Gachiguma,
902,Basculegion,Basculegion,イダイトウ,Idaitō,Idaitou
903,Sneasler,Sneasler,オオニューラ,Ōnyūra,
904,Overqwil,Overqwil,ハリーマン,Harīman,
905,Enamorus,Enamorus,ラブトロス,Rabutorosu